{
  "$id": "demo4",
  "$schema": "https://schema.yext.com/config/km/entity/v1",
  "primaryLocale": "en_GB",
  "content": {
    "address": {
      "city": "London",
      "countryCode": "GB",
      "line1": "87 - 135 Brompton Road",
      "postalCode": "SW1X 7XL",
      "region": "Great Britain"
    },
    "addressHidden": false,
    "dm_directoryParents": [
      "stores-directory",
      "stores-directory_gb",
      "stores-directory_gb_great_britain",
      "stores-directory_gb_great_britain_london"
    ],
    "mainPhone": "+442077301234",
    "name": "Harrods",
    "slug": "[[entityId]]",
    "timezone": "Europe/London"
  },
  "entityType": "location",
  "labels": []
}