{
  "$id": "demo1",
  "$schema": "https://schema.yext.com/config/km/entity/v1",
  "primaryLocale": "en_GB",
  "content": {
    "address": {
      "city": "Birmingham",
      "countryCode": "GB",
      "line1": "The Bull Ring Upper Mall East",
      "postalCode": "B5 4BP",
      "region": "Great Britain"
    },
    "addressHidden": false,
    "dm_directoryParents": [
      "stores-directory",
      "stores-directory_gb",
      "stores-directory_gb_great_britain",
      "stores-directory_gb_great_britain_birmingham"
    ],
    "mainPhone": "+447043263912",
    "name": "Birmingham Selfridges",
    "slug": "[[entityId]]",
    "timezone": "Europe/London"
  },
  "entityType": "location",
  "labels": []
}