{
  "$id": "demo14",
  "$schema": "https://schema.yext.com/config/km/entity/v1",
  "primaryLocale": "en_GB",
  "content": {
    "address": {
      "city": "London",
      "countryCode": "GB",
      "line1": "5, South Birkbeck Road",
      "postalCode": "E11 4HZ",
      "region": "Greater London"
    },
    "addressHidden": false,
    "dm_directoryParents": [
      "stores-directory",
      "stores-directory_gb",
      "stores-directory_gb_greater_london",
      "stores-directory_gb_greater_london_london"
    ],
    "mainPhone": "+447717174533",
    "name": "Waltham Forest",
    "slug": "[[entityId]]",
    "timezone": "Europe/London"
  },
  "entityType": "location",
  "labels": []
}