{
  "$id": "stores-directory_gb_great_britain_birmingham",
  "$schema": "https://schema.yext.com/config/km/entity/v1",
  "primaryLocale": "en_GB",
  "content": {
    "dm_baseEntityCount": "1",
    "dm_childEntityIds": [
      "40781046"
    ],
    "dm_directoryChildren": [
      "demo1"
    ],
    "dm_directoryManagerId": "stores-directory",
    "dm_directoryParents": [
      "stores-directory",
      "stores-directory_gb",
      "stores-directory_gb_great_britain"
    ],
    "name": "Birmingham",
    "slug": "birmingham"
  },
  "entityType": "ce_city",
  "labels": []
}