{
  "$id": "site-entity",
  "filter": {
    "entityIds": ["globaldata"]
  },
  "source": "knowledgeGraph",
  "fields": [
    "name",
    "slug",
    "id",
    "c_navigationBar",
    "c_helpLinks",
    "c_helpTitle",
    "c_servicesTitle",
    "c_servicesList",
    "c_storeLocatorTitle",
    "c_storeLocatorCTA",
    "c_footerIcons",
    "c_metaTitle",
    "c_logo",
    "c_robotsTag",
    "c_canonicalURL",
    "c_metaDescription"
  ],
  "localization": {
    "locales": ["en"],
    "primary": false
  }
}
