{
  "features": [
    {
      "name": "404",
      "templateType": "JS",
      "staticPage": {
        "plugin": {}
      }
    },
    {
      "name": "city",
      "streamId": "city",
      "templateType": "JS",
      "entityPageSet": {
        "plugin": {}
      }
    },
    {
      "name": "country",
      "streamId": "country",
      "templateType": "JS",
      "entityPageSet": {
        "plugin": {}
      }
    },
    {
      "name": "location",
      "streamId": "location",
      "templateType": "JS",
      "entityPageSet": {
        "plugin": {}
      }
    },
    {
      "name": "locator",
      "streamId": "locator",
      "templateType": "JS",
      "entityPageSet": {
        "plugin": {}
      }
    },
    {
      "name": "robots",
      "templateType": "JS",
      "staticPage": {
        "plugin": {}
      }
    },
    {
      "name": "state",
      "streamId": "root",
      "templateType": "JS",
      "entityPageSet": {
        "plugin": {}
      }
    }
  ],
  "streams": [
    {
      "$id": "city",
      "filter": {
        "entityTypes": [
          "ce_city"
        ]
      },
      "fields": [
        "id",
        "uid",
        "meta",
        "name",
        "slug",
        "c_metaTitle",
        "c_metaDescription",
        "c_robotsTag",
        "dm_directoryParents.name",
        "dm_directoryParents.slug",
        "dm_directoryParents.meta.entityType",
        "dm_directoryParents.dm_directoryParents.name",
        "dm_directoryParents.dm_directoryParents.slug",
        "dm_directoryParents.dm_directoryParents.meta.entityType",
        "dm_directoryChildren.name",
        "dm_directoryChildren.meta.entityType",
        "dm_directoryChildren.slug",
        "dm_directoryChildren.hours",
        "dm_directoryChildren.address",
        "dm_directoryChildren.mainPhone",
        "dm_directoryChildren.id",
        "dm_directoryChildren.yextDisplayCoordinate"
      ],
      "localization": {
        "locales": [
          "en"
        ],
        "primary": false
      }
    },
    {
      "$id": "country",
      "fields": [
        "id",
        "uid",
        "meta",
        "name",
        "slug",
        "c_metaTitle",
        "c_metaDescription",
        "c_robotsTag",
        "dm_directoryParents.name",
        "dm_directoryParents.slug",
        "dm_directoryChildren.name",
        "dm_directoryChildren.slug",
        "dm_directoryChildren.dm_directoryParents.name",
        "dm_directoryChildren.dm_directoryParents.slug"
      ],
      "filter": {
        "entityTypes": [
          "ce_country"
        ]
      },
      "localization": {
        "locales": [
          "en"
        ],
        "primary": false
      }
    },
    {
      "$id": "location",
      "filter": {
        "entityTypes": [
          "location"
        ],
        "savedFilterIds": [
          "1315509542"
        ]
      },
      "fields": [
        "id",
        "uid",
        "meta",
        "name",
        "slug",
        "address",
        "timezone",
        "hours",
        "mainPhone",
        "additionalHoursText",
        "googlePlaceId",
        "c_storeInformationTitle",
        "c_store_hours_heading",
        "yextDisplayCoordinate",
        "c_specificDay",
        "c_categoryNameAndImage",
        "c_categories_heading",
        "c_metaTitle",
        "c_metaDescription",
        "c_robotsTag",
        "c_about_section_description",
        "c_about_section_image",
        "c_about_section_name",
        "c_about_section_CTA",
        "dm_directoryParents.name",
        "dm_directoryParents.slug",
        "dm_directoryParents.meta.entityType",
        "dm_directoryParents.dm_directoryParents.name",
        "dm_directoryParents.dm_directoryParents.slug",
        "dm_directoryParents.dm_directoryParents.meta.entityType",
        "dm_directoryParents.dm_directoryParents.dm_directoryParents.name",
        "dm_directoryParents.dm_directoryParents.dm_directoryParents.slug",
        "dm_directoryParents.dm_directoryParents.dm_directoryParents.meta.entityType"
      ],
      "localization": {
        "locales": [
          "en"
        ],
        "primary": false
      }
    },
    {
      "$id": "locator",
      "filter": {
        "entityIds": [
          "globaldata"
        ]
      },
      "fields": [
        "id",
        "uid",
        "meta",
        "name",
        "slug"
      ],
      "localization": {
        "locales": [
          "en"
        ],
        "primary": false
      }
    },
    {
      "$id": "root",
      "filter": {
        "entityTypes": [
          "ce_root"
        ]
      },
      "fields": [
        "id",
        "uid",
        "meta",
        "name",
        "slug",
        "dm_directoryParents.name",
        "dm_directoryParents.slug",
        "dm_directoryParents.meta.entityType",
        "dm_directoryChildren.dm_directoryParents.name",
        "dm_directoryChildren.dm_directoryParents.slug",
        "dm_directoryChildren.name",
        "dm_directoryChildren.slug",
        "dm_directoryChildren.meta.entityType"
      ],
      "localization": {
        "locales": [
          "en"
        ],
        "primary": false
      }
    }
  ]
}