{"Generator":{"sourceFileNames":["plugins\\Generator\\manifest.json","plugins\\Generator\\manifest.ts","plugins\\Generator\\mod.ts","plugins\\Generator\\assets\\renderer\\templateRenderer.js","plugins\\Generator\\assets\\server\\404.fd9e8f62.js","plugins\\Generator\\assets\\server\\city.7ac8e054.js","plugins\\Generator\\assets\\server\\country.83a0c098.js","plugins\\Generator\\assets\\server\\location.3bec51a9.js","plugins\\Generator\\assets\\server\\locator.a39edcf7.js","plugins\\Generator\\assets\\server\\robots.aa15f076.js","plugins\\Generator\\assets\\server\\state.c85d7ac0.js","plugins\\Generator\\assets\\static\\Breadcrumbs-584c56bd.js","plugins\\Generator\\assets\\static\\GlobalFunctions-c7176268.js","plugins\\Generator\\assets\\static\\OpenCloseStatus-db126af6.js","plugins\\Generator\\assets\\static\\esm-d8cccfb8.js","plugins\\Generator\\assets\\static\\favicondemy-c7420026.js","plugins\\Generator\\assets\\static\\favicondemy-c74a2241.css","plugins\\Generator\\assets\\static\\index-99385f08.js","plugins\\Generator\\assets\\static\\location-efd250ce.css","plugins\\Generator\\assets\\static\\locator-9dd2f698.css","plugins\\Generator\\assets\\static\\preload-helper-094304c8.js"],"event":2,"functionName":"Generate","eventDisplayName":"On Page Generate"}}