{
  "$id": "ce_site",
  "$schema": "https://schema.yext.com/config/km/field-presentation/v1",
  "entityType": "ce_site",
  "displayName": "Site",
  "presentationEntries": [
    {
      "displayName": "Content",
      "entryType": "DIVIDER"
    },
    {
      "displayName": "Core Information",
      "entryType": "SECTION",
      "fields": [
        {
          "id": "name",
          "visibleOnAdd": true
        },
        {
          "id": "entityId",
          "visibleOnAdd": true
        },
        {
          "id": "logo"
        },
        {
          "id": "c_header"
        },
        {
          "id": "c_footer"
        },
        {
          "id": "instagramHandle"
        },
        {
          "id": "twitterHandle"
        }
      ]
    },
    {
      "displayName": "Other",
      "entryType": "DIVIDER"
    },
    {
      "displayName": "Internal Use Only",
      "entryType": "SECTION",
      "fields": [
        {
          "id": "folder"
        },
        {
          "id": "labels"
        }
      ]
    }
  ]
}