{
  "$schema": "https://schema.yext.com/config/answers/answers-config/v1",
  "$id": "dotsquares-answer-search",
  "name": "Dotsquares Answer Search",
  "supportedLocales": [],
  "countryRestrictions": [],
  "verticals": {
    "locations": {
      "entityTypes": [
        "location"
      ],
      "name": "Locations",
      "searchableFields": {
        "address.city": {
          "nlpFilter": true,
          "phraseMatch": true
        },
        "address.countryCode": {
          "nlpFilter": true,
          "phraseMatch": true
        },
        "builtin.entityType": {
          "nlpFilter": true
        },
        "builtin.hours": {
          "nlpFilter": true
        },
        "builtin.location": {
          "nlpFilter": true
        },
        "keywords": {
          "phraseMatch": true
        },
        "name": {
          "phraseMatch": true,
          "textSearch": true
        }
      },
      "sortBys": [],
      "source": "KNOWLEDGE_MANAGER"
    }
  },
  "localizations": {},
  "additionalSearchablePlaces": [],
  "querySuggestions": {
    "disablePopularQueries": false,
    "verticalPromptsOnEmpty": false,
    "popularQueriesBlacklistedTerms": [],
    "popularQueriesBlacklistedRegex": [],
    "universalPrompts": [],
    "verticalPrompts": {
      "locations": [
        "[[name]]"
      ]
    }
  }
}