{
  "$id": "c_pagesCTA",
  "$schema": "https://schema.yext.com/config/km/field-type/v1",
  "description": "",
  "displayName": "Pages CTA",
  "type": {
    "structType": {
      "property": [
        {
          "name": "label",
          "displayName": "Label",
          "isRequired": false,
          "typeId": "string",
          "type": {
            "stringType": {
              "stereotype": "SIMPLE",
              "maxLength": 100000
            }
          }
        },
        {
          "name": "uRL",
          "displayName": "URL",
          "isRequired": false,
          "typeId": "string",
          "type": {
            "stringType": {
              "stereotype": "SIMPLE",
              "maxLength": 100000
            }
          }
        }
      ]
    }
  }
}